NPA,2011,2013,2015,2016,2020,2022,2023,2011 Raw,2013 Raw,2015 Raw,2016 Raw,2020 Raw,2022 Raw,2023 Raw
2,"13","6","14","5","6","8","10","140","63","149","58","67","91","114"
3,"15","4","6","1","1","2","2","673","190","269","64","97","191","214"
4,"3","2","0","2","3","3","2","13","9","2","7","13","14","9"
5,"27","18","30","28","24","15","9","90","58","100","91","90","53","32"
6,"54","33","40","27","31","34","36","447","268","326","217","242","276","299"
7,"0","2","4","5","6","0","2","2","10","16","22","23","2","15"
8,"8","4","13","4","3","11","14","74","45","129","41","32","132","165"
9,"30","20","15","15","10","22","17","92","60","44","46","32","69","58"
10,"40","30","41","24","10","37","34","640","476","650","376","171","647","587"
11,"5","3","4","2","2","10","4","65","31","51","19","24","124","49"
12,"2","1","5","1","0","3","3","24","16","60","11","6","37","42"
13,"20","4","7","5","10","5","11","358","66","135","94","151","95","162"
14,"4","4","13","11","4","8","6","65","67","205","180","68","124","105"
15,"7","5","27","11","9","11","8","58","38","221","92","79","93","69"
16,"25","23","14","7","12","7","18","525","493","291","153","244","154","382"
17,"45","13","18","22","10","25","25","560","160","227","281","131","313","312"
18,"3","2","3","4","6","3","4","46","38","59","65","97","63","76"
19,"3","2","4","2","4","7","4","55","42","68","33","65","132","64"
20,"4","1","1","1","1","2","2","51","15","17","17","14","24","23"
21,"30","10","15","12","10","14","28","349","127","184","150","127","273","721"
22,"30","25","21","14","3","3","5","141","91","106","73","64","115","204"
23,"14","7","12","11","4","12","14","75","40","68","60","24","66","75"
24,"29","3","10","17","20","16","12","138","15","44","77","83","53","61"
25,"24","2","16","6","5","7","10","268","18","178","64","61","88","123"
26,"0","0","0","0","0","0","0","3","3","5","1","0","2","0"
27,"14","5","7","6","4","9","10","142","51","65","62","43","96","98"
28,"1","2","3","5","2","4","4","8","11","18","25","13","21","22"
29,"5","1","13","3","5","4","5","28","5","74","18","26","22","26"
30,"9","6","11","7","3","7","8","45","29","91","65","39","110","139"
31,"1","1","1","0","1","3","7","8","6","9","2","10","21","48"
32,"5","1","4","3","3","2","3","11","2","8","6","7","4","9"
33,"3","0","2","0","1","9","6","20","1","14","3","9","58","40"
34,"22","12","15","16","13","7","12","177","99","121","135","165","107","196"
35,"1","0","6","0","0","0","3","9","2","47","0","0","6","42"
36,"8","6","8","6","8","8","9","85","60","101","80","112","107","120"
37,"62","42","37","28","18","30","36","486","324","287","214","150","331","399"
38,"7","3","10","8","6","11","6","55","29","87","64","48","123","80"
39,"46","14","11","16","17","23","21","429","129","101","150","166","228","214"
40,"26","9","15","12","7","14","20","306","108","177","137","89","178","255"
41,"14","4","11","3","4","7","6","109","33","84","26","30","54","46"
42,"0","0","1","0","0","0","1","4","4","7","5","6","5","11"
43,"3","1","3","0","1","2","7","18","9","22","3","9","14","46"
44,"0","0","0","0","1","2","1","2","1","2","0","3","8","6"
45,"1","2","7","6","2","4","3","7","23","74","67","59","112","67"
46,"11","7","8","10","5","8","6","105","64","80","97","52","80","56"
47,"0","1","0","0","1","0","0","3","4","3","2","8","2","3"
48,"8","2","3","5","1","2","7","51","13","16","32","6","11","44"
49,"6","3","4","2","2","6","4","55","24","35","21","17","61","41"
50,"23","9","13","9","5","8","16","238","100","140","98","48","83","154"
51,"11","9","18","3","6","9","7","82","63","135","21","66","119","105"
52,"15","3","22","16","10","21","32","132","25","122","89","80","169","273"
53,"34","22","31","23","17","26","18","355","236","374","278","179","362","255"
54,"38","65","57","86","37","47","36","211","368","318","481","208","264","208"
55,"9","6","13","5","7","4","13","71","49","106","44","56","31","120"
56,"2","1","5","1","2","4","3","6","4","17","2","8","13","10"
57,"11","4","4","1","3","0","2","76","27","27","7","22","4","13"
58,"14","12","8","2","14","4","19","67","58","37","10","67","19","93"
59,"16","8","14","5","4","8","10","183","84","152","54","47","104","130"
60,"3","1","3","1","1","1","1","32","8","30","19","11","21","21"
61,"18","11","18","24","11","16","14","78","48","79","102","50","68","63"
62,"0","0","--","0","--","--","--","0","0","0","0","0","0","0"
64,"6","5","8","7","4","3","4","121","97","164","137","92","70","95"
65,"0","0","0","1","1","2","1","0","2","3","5","7","29","10"
66,"1","0","1","0","0","4","2","7","3","20","0","4","60","34"
67,"1","0","1","0","1","3","1","2","0","7","3","8","22","5"
68,"7","7","14","11","6","7","5","84","79","158","120","70","83","59"
69,"2","1","0","1","1","2","2","14","11","3","6","12","18","24"
70,"48","24","19","34","26","29","30","252","126","99","175","135","153","157"
71,"8","4","9","5","3","11","5","119","53","133","76","45","157","76"
72,"1","1","2","1","1","2","1","6","9","23","6","15","35","24"
73,"20","5","8","2","6","3","7","202","50","83","23","77","50","116"
74,"2","0","4","1","1","9","3","12","2","32","5","6","70","23"
75,"0","0","1","0","0","0","0","0","1","5","1","1","4","6"
76,"7","3","2","0","1","1","4","56","32","20","2","13","18","71"
77,"4","10","4","2","1","2","2","79","209","82","43","28","50","44"
78,"13","8","5","1","1","5","8","105","69","45","10","7","57","90"
79,"1","0","2","1","1","3","1","10","2","8","4","5","17","8"
80,"1","0","--","0","1","1","0","11","1","0","1","10","13","5"
81,"13","4","22","20","4","11","4","59","17","99","92","18","58","23"
82,"2","3","10","1","2","6","2","20","23","86","11","25","68","27"
83,"1","0","4","0","0","0","0","3","0","11","0","0","0","0"
84,"1","0","2","2","2","0","0","4","0","6","5","4","1","3"
85,"71","47","53","29","27","58","44","559","362","408","226","200","439","334"
86,"4","1","10","1","1","3","1","45","9","115","13","13","59","27"
87,"10","6","9","9","9","18","20","69","43","62","62","61","128","143"
88,"57","32","39","55","34","29","28","272","150","185","256","163","157","171"
89,"55","35","31","15","11","20","17","303","190","173","80","58","109","93"
90,"13","7","13","8","7","8","15","105","54","108","70","58","68","123"
91,"30","31","24","16","8","16","15","254","257","203","136","71","131","126"
92,"0","1","5","0","2","3","3","4","8","63","3","30","51","55"
93,"0","0","2","0","1","2","2","0","2","12","3","8","11","24"
94,"77","32","29","94","47","54","38","292","122","111","354","179","293","210"
95,"9","6","19","10","5","9","10","62","39","127","67","33","61","65"
96,"18","4","14","6","3","10","4","216","68","244","112","71","213","100"
97,"19","2","2","2","2","6","7","291","28","37","35","29","104","121"
98,"11","4","5","5","23","20","14","100","39","43","44","284","284","208"
99,"20","15","20","17","14","34","33","128","99","128","108","87","220","218"
100,"36","9","23","18","11","34","24","251","60","164","123","74","238","168"
101,"5","2","4","2","3","3","7","39","12","30","14","21","22","49"
102,"64","15","12","15","7","26","21","335","76","65","81","38","140","111"
103,"24","13","14","13","9","23","33","116","62","67","62","70","188","294"
105,"13","2","9","5","2","4","1","58","8","54","39","16","37","13"
106,"9","7","19","7","4","26","28","68","50","141","49","30","192","204"
107,"2","0","1","1","1","2","4","20","4","10","5","7","11","27"
108,"8","4","9","--","--","2","8","46","20","50","0","0","14","46"
109,"1","0","4","0","0","2","2","6","3","34","0","0","29","22"
110,"2","2","4","1","2","4","7","14","17","32","9","12","56","101"
111,"7","4","12","6","3","5","4","61","42","134","68","56","94","90"
112,"1","1","2","1","0","1","7","7","7","10","5","2","8","52"
113,"13","9","12","9","19","8","9","173","130","176","135","302","140","173"
114,"20","13","28","42","22","21","36","111","54","117","187","100","97","167"
115,"3","1","2","0","1","5","3","40","24","34","3","27","91","57"
116,"19","5","6","--","--","14","10","213","61","77","0","0","335","315"
117,"22","12","14","8","13","7","9","301","167","204","123","228","142","177"
118,"2","2","2","--","--","2","0","10","8","9","0","0","10","2"
119,"24","18","20","10","10","13","16","113","82","95","46","53","116","143"
120,"20","12","26","23","24","16","46","119","73","158","134","137","97","287"
121,"29","34","37","43","25","36","28","242","277","307","355","228","421","332"
122,"--","--","--","--","--","--","--","0","0","0","0","0","0","0"
123,"9","10","8","6","12","14","13","98","108","84","69","127","155","139"
124,"32","12","30","11","27","23","20","284","105","271","95","233","240","242"
125,"23","12","16","13","12","20","26","239","127","175","135","154","291","403"
126,"24","2","4","1","2","3","7","10","4","9","3","10","19","51"
127,"14","6","9","7","6","7","9","142","61","89","73","66","74","103"
128,"23","15","21","30","11","29","32","242","159","217","311","114","298","319"
129,"2","1","7","1","2","15","4","14","5","57","6","16","134","32"
130,"0","0","2","0","0","--","0","1","0","12","1","0","0","0"
131,"23","3","5","4","7","4","7","161","21","37","35","59","30","58"
132,"34","11","33","19","15","17","31","95","30","93","53","39","47","89"
133,"3","1","1","2","1","4","4","17","6","9","11","5","22","30"
134,"28","14","8","18","11","15","26","126","64","38","80","52","71","124"
135,"2","1","2","0","2","2","5","9","3","12","2","13","13","38"
136,"3","6","5","2","2","3","10","21","47","40","18","17","29","92"
137,"26","14","14","17","40","29","16","144","78","79","91","218","158","88"
138,"41","36","47","37","20","41","90","104","91","118","92","51","124","272"
139,"44","17","16","16","20","36","39","247","115","103","107","109","201","223"
140,"30","8","17","12","13","17","14","301","87","178","130","148","210","184"
141,"29","32","21","13","32","70","73","105","111","73","43","102","228","238"
142,"31","5","24","10","6","26","14","399","59","309","136","73","354","191"
143,"1","2","2","1","1","2","0","6","11","15","6","9","14","3"
144,"4","9","1","3","1","2","2","32","83","11","33","6","17","25"
145,"6","2","2","2","4","2","2","38","14","14","11","26","14","13"
146,"26","14","15","9","13","16","20","165","95","97","62","88","112","135"
147,"17","5","13","3","8","7","12","173","57","137","33","86","80","132"
148,"3","1","3","1","2","2","3","24","11","24","8","21","21","27"
149,"1","1","8","0","2","3","2","3","4","35","1","7","12","8"
150,"9","9","10","8","9","9","14","59","60","65","56","63","70","112"
151,"2","1","1","0","2","5","5","19","13","14","5","23","63","60"
152,"16","2","14","13","8","14","8","47","7","41","37","26","47","27"
153,"7","2","3","4","4","6","5","81","20","37","51","52","96","76"
154,"4","6","6","4","3","6","5","46","63","68","50","37","70","54"
155,"18","11","11","14","8","10","5","172","113","112","143","118","145","112"
156,"12","8","11","15","8","7","10","130","92","130","192","100","102","151"
157,"73","25","36","36","13","16","11","335","99","103","104","65","115","95"
158,"20","10","22","13","14","11","20","252","135","279","170","183","146","272"
159,"46","14","42","31","27","25","42","171","53","162","124","112","133","223"
160,"18","15","19","24","14","17","22","204","169","205","262","157","191","251"
161,"0","0","0","0","1","1","0","3","1","4","0","6","11","2"
162,"30","14","30","16","20","24","22","211","96","211","112","137","180","163"
163,"26","9","9","3","4","4","6","142","51","47","17","33","40","52"
164,"15","10","16","8","8","10","22","278","179","286","136","151","179","363"
165,"7","11","12","12","5","4","10","61","104","110","106","44","38","103"
166,"7","4","4","4","3","8","21","36","22","24","22","17","45","123"
167,"5","4","6","3","5","11","16","19","14","21","11","19","49","72"
168,"21","14","15","24","12","21","25","132","86","93","153","78","136","161"
169,"0","0","0","0","0","2","1","2","1","3","1","1","21","9"
170,"1","0","1","0","2","8","2","4","2","5","2","10","50","15"
171,"2","0","3","0","2","9","6","10","2","12","1","12","45","29"
172,"0","0","1","1","1","2","1","4","3","13","6","16","36","32"
173,"35","23","22","8","22","16","24","133","91","88","35","93","68","105"
174,"8","4","9","12","6","5","6","52","22","58","74","39","60","84"
175,"4","1","6","3","6","4","4","28","10","44","20","42","30","29"
176,"6","1","1","1","2","5","5","69","13","14","15","28","58","63"
177,"6","2","2","1","1","6","6","41","17","19","7","10","56","57"
178,"1","0","5","2","3","2","4","15","2","53","30","57","55","121"
179,"4","1","5","4","5","2","3","27","7","35","25","38","15","26"
180,"38","18","25","20","8","12","35","175","85","125","102","44","67","188"
181,"1","1","3","1","2","4","4","15","10","35","19","25","51","45"
182,"66","15","30","19","17","19","21","177","40","81","50","46","51","56"
183,"11","10","6","5","3","5","15","38","34","20","18","11","17","52"
184,"21","5","22","5","6","15","13","181","32","153","32","38","107","88"
185,"2","0","4","0","0","2","2","26","6","54","5","5","23","23"
186,"46","28","26","14","8","17","30","382","228","212","114","64","145","251"
187,"1","0","1","0","0","4","6","3","1","3","1","2","16","24"
188,"6","1","1","1","2","4","3","42","7","7","4","14","30","31"
189,"0","0","1","0","0","0","0","0","0","4","0","0","2","0"
190,"42","24","22","16","27","14","29","160","93","84","63","99","55","112"
191,"2","3","2","1","1","5","6","22","27","18","10","8","45","61"
192,"17","5","4","8","6","5","9","141","49","34","80","70","66","144"
193,"2","2","4","3","5","2","2","13","9","22","17","33","15","17"
194,"2","0","1","--","--","0","1","21","2","10","0","0","1","9"
195,"1","1","1","1","1","0","0","11","6","9","9","11","10","3"
196,"28","11","19","7","9","14","18","199","80","135","52","73","131","181"
197,"11","7","6","5","5","7","13","112","67","57","47","48","74","133"
198,"3","3","3","3","8","2","5","23","22","28","22","40","9","25"
199,"8","2","10","3","4","12","10","96","25","126","35","56","157","135"
200,"6","4","2","3","2","2","4","13","9","5","8","7","17","30"
201,"2","0","2","1","1","1","2","21","5","27","10","8","16","22"
202,"19","13","19","20","6","10","28","138","90","136","143","40","74","197"
203,"0","5","4","3","3","6","5","3","34","25","19","21","48","43"
204,"1","0","3","0","3","3","3","5","3","16","1","20","19","23"
205,"1","0","0","1","5","1","1","4","0","1","2","16","4","4"
206,"0","1","2","0","1","0","0","1","3","9","0","3","1","1"
207,"0","0","1","0","0","2","2","1","3","19","2","4","32","34"
208,"3","2","2","1","5","6","7","23","16","15","5","36","39","49"
209,"6","2","7","3","2","5","5","65","24","80","41","34","91","92"
210,"0","0","1","0","1","0","0","2","6","15","3","8","4","6"
211,"12","7","14","7","7","15","17","99","59","121","60","59","135","152"
212,"23","22","37","40","23","31","14","117","109","186","202","115","151","89"
213,"4","3","4","4","16","8","2","23","19","25","24","72","49","17"
215,"4","5","2","2","4","4","3","12","15","7","5","13","13","9"
216,"2","3","5","1","4","3","4","8","10","17","4","15","10","14"
217,"3","2","2","3","5","1","4","15","8","8","14","25","7","19"
218,"5","2","4","3","4","5","3","61","23","52","28","43","55","34"
219,"4","3","6","10","4","9","11","32","23","47","99","39","131","158"
220,"19","15","15","12","7","18","11","127","100","98","82","45","117","72"
221,"9","2","5","4","7","4","3","90","19","51","51","83","48","34"
222,"3","1","3","1","3","1","1","21","7","18","9","18","9","6"
223,"72","32","25","25","20","41","29","489","217","171","169","131","271","192"
224,"3","1","1","1","1","2","2","28","8","8","13","11","17","24"
225,"0","0","0","0","0","--","0","2","0","1","0","0","0","0"
226,"10","2","2","5","4","5","4","50","10","11","25","20","23","20"
227,"17","4","14","6","27","48","42","140","37","116","50","229","408","356"
228,"0","0","1","0","0","2","1","0","0","1","0","0","18","8"
229,"1","12","13","7","18","23","23","5","83","101","60","207","452","443"
230,"13","16","25","29","7","10","7","126","196","303","353","107","122","83"
231,"6","1","1","1","3","4","1","42","9","6","15","35","76","29"
232,"18","7","21","23","5","9","7","166","69","201","218","67","148","120"
233,"2","1","2","1","1","2","1","24","14","22","6","15","26","20"
234,"24","13","10","11","16","6","9","222","123","91","104","154","142","228"
235,"7","2","4","3","7","5","11","62","21","40","23","62","46","101"
236,"0","0","1","0","0","3","0","2","2","3","1","0","14","2"
237,"14","13","17","17","13","16","20","137","132","166","173","155","195","243"
238,"19","17","21","24","19","23","26","168","149","182","211","171","229","260"
240,"17","10","19","14","16","32","34","153","85","169","120","164","373","400"
241,"1","0","1","0","1","3","1","5","2","6","1","8","23","8"
242,"21","8","15","6","30","43","25","104","37","77","32","153","218","136"
243,"9","4","2","2","21","6","3","4","2","1","1","42","53","25"
244,"22","10","21","9","29","38","12","155","66","145","60","199","266","84"
245,"15","5","11","8","6","7","10","99","35","71","53","40","46","85"
246,"4","2","4","2","3","4","4","45","19","44","19","38","45","50"
247,"2","1","1","3","4","16","33","8","3","5","12","18","71","149"
248,"3","0","2","2","2","2","6","24","0","20","15","12","14","37"
249,"15","3","5","3","3","15","12","79","18","24","18","16","76","61"
250,"4","2","4","4","4","8","4","24","13","29","29","28","25","12"
251,"15","7","8","12","8","12","6","88","44","50","79","55","88","45"
252,"7","5","10","4","2","4","3","25","16","35","15","7","13","12"
253,"0","0","2","0","1","1","1","2","4","14","4","6","11","8"
254,"5","2","6","1","8","9","2","15","5","19","3","29","96","36"
255,"2","0","1","1","2","2","1","24","6","16","8","35","27","22"
256,"1","0","2","0","0","--","1","7","0","17","3","1","0","34"
257,"1","1","1","0","1","1","2","7","8","15","5","20","24","40"
258,"48","15","17","14","15","13","16","489","155","169","143","169","181","221"
259,"19","15","20","18","10","9","5","187","145","195","179","112","103","53"
260,"22","9","19","9","10","25","19","281","114","239","108","134","347","269"
261,"33","4","15","4","10","25","9","282","37","128","36","87","216","77"
262,"6","1","2","2","2","4","4","79","15","22","23","22","52","52"
263,"3","2","3","1","3","4","3","29","19","30","15","34","45","36"
264,"4","1","6","3","2","4","3","40","5","61","28","17","36","33"
265,"15","6","10","5","6","7","8","81","33","54","28","33","38","44"
266,"6","3","4","10","3","7","6","65","27","40","106","31","85","77"
267,"3","3","3","3","2","3","2","38","40","49","41","44","59","40"
268,"32","29","17","10","8","14","10","222","200","116","69","58","98","68"
269,"3","2","3","0","3","2","3","33","23","38","6","37","22","39"
270,"0","0","2","0","1","1","1","2","0","14","1","5","5","3"
271,"69","23","28","31","14","28","42","311","101","126","138","64","124","189"
272,"2","1","3","0","1","3","7","12","5","27","0","11","20","57"
273,"1","1","1","1","3","3","5","10","9","10","6","26","30","52"
274,"0","0","1","0","1","5","2","0","1","7","1","5","27","10"
275,"2","2","6","2","3","6","4","20","14","56","19","28","51","35"
276,"26","4","8","7","4","7","11","176","30","52","50","29","48","76"
277,"14","1","5","4","2","2","1","76","5","31","29","16","21","15"
278,"2","2","3","1","3","11","7","20","20","22","11","28","109","71"
279,"0","0","1","0","0","1","1","3","1","9","2","4","8","11"
280,"22","15","28","8","25","53","23","90","60","116","32","100","231","163"
281,"2","4","1","4","2","13","9","11","18","7","20","12","84","62"
282,"15","9","9","7","13","21","20","71","44","47","36","69","115","111"
283,"20","12","12","11","11","18","8","207","130","127","116","115","196","87"
284,"0","1","2","1","0","1","0","1","2","5","3","6","8","3"
285,"33","13","238","6","--","2,700","68","5","2","38","1","0","27","67"
286,"3","2","4","11","3","62","133","3","2","3","9","2","43","92"
287,"0","0","8","--","--","1","2","2","0","101","0","0","8","23"
288,"1","1","2","--","--","1","1","6","8","15","0","0","10","11"
289,"15","2","5","4","4","6","5","189","23","65","53","63","161","123"
290,"19","8","34","18","26","13","5","81","34","142","74","72","194","140"
291,"6","2","4","1","3","9","14","58","15","36","14","26","86","139"
292,"50","18","20","26","20","27","24","211","75","84","107","79","108","103"
293,"59","40","35","46","35","43","47","212","140","125","164","121","157","170"
294,"23","9","19","18","16","10","17","102","38","83","76","75","49","98"
295,"10","12","8","15","12","12","11","43","62","43","80","62","64","59"
296,"15","2","2","3","2","3","2","71","10","10","19","19","27","29"
297,"0","0","1","0","0","10","0","0","0","1","0","0","15","0"
298,"0","0","10","--","--","1","0","2","0","82","0","0","4","1"
299,"22","16","11","13","16","7","7","248","181","130","158","218","98","101"
300,"0","0","--","--","--","--","0","0","0","0","0","0","0","0"
301,"44","13","11","12","18","7","8","326","103","84","99","153","58","64"
302,"0","0","0","0","0","2","0","3","5","5","4","5","21","2"
303,"1","1","2","0","1","4","3","6","5","20","2","9","40","33"
304,"3","1","4","1","2","3","3","13","5","17","3","7","11","13"
305,"19","10","10","13","8","10","9","77","40","42","51","34","50","46"
306,"5","1","8","4","9","6","27","22","5","29","16","44","28","132"
307,"28","22","28","14","12","19","16","309","242","310","208","166","296","241"
308,"11","1","2","0","3","10","9","45","6","12","2","15","49","42"
309,"2","1","1","0","2","1","1","11","3","7","1","14","10","10"
310,"3","1","5","1","3","2","3","27","12","40","8","23","13","26"
311,"46","21","24","18","22","42","42","271","121","136","102","122","241","244"
312,"48","13","16","15","8","24","20","302","80","102","93","47","147","127"
313,"21","9","17","10","8","9","8","123","49","98","59","47","75","63"
314,"13","10","21","8","4","10","13","127","95","202","75","40","95","120"
315,"24","17","17","11","6","9","11","77","66","68","42","74","120","145"
316,"10","9","10","5","8","6","13","139","127","143","76","112","89","184"
317,"19","9","33","19","26","39","27","59","27","100","59","80","121","84"
318,"6","6","5","4","10","13","10","40","42","37","27","81","98","94"
319,"29","8","23","15","8","17","11","290","82","248","163","106","278","179"
320,"10","6","7","7","15","20","28","48","29","32","31","68","89","126"
321,"46","20","42","29","30","39","73","222","94","198","138","140","203","374"
322,"33","21","23","12","11","21","17","140","88","100","53","45","88","71"
323,"26","12","25","13","8","23","21","231","109","223","113","67","206","190"
324,"9","2","2","2","3","4","5","54","9","13","12","18","26","34"
325,"24","10","8","9","11","13","24","267","107","92","97","123","148","279"
326,"17","9","26","28","18","27","26","71","37","107","115","72","109","106"
327,"23","16","23","21","10","19","22","144","101","142","129","63","178","202"
328,"27","8","18","16","19","17","23","104","31","67","61","70","63","127"
329,"25","10","26","18","14","9","9","190","77","200","138","106","71","70"
330,"15","13","14","26","17","15","15","112","98","103","203","131","114","114"
331,"7","4","14","6","6","16","10","49","26","98","44","63","263","229"
332,"9","12","7","8","7","8","12","56","76","50","54","49","59","86"
333,"22","15","28","14","16","13","16","224","158","294","146","178","154","189"
334,"1","0","--","0","1","2","0","5","0","0","0","2","8","1"
335,"4","1","2","--","--","3","2","46","6","23","0","0","35","27"
336,"4","1","2","1","2","2","2","64","20","37","18","46","58","56"
337,"3","4","3","3","4","5","6","20","31","24","22","32","38","45"
338,"4","0","3","1","0","1","0","38","4","41","18","7","13","5"
339,"7","3","3","0","2","1","1","60","33","30","5","28","22","28"
343,"21","20","24","13","7","13","15","197","172","210","112","71","150","227"
344,"25","21","15","27","9","21","32","182","157","116","213","77","175","289"
345,"26","9","13","10","19","24","11","99","35","51","39","71","128","64"
346,"20","19","17","14","20","18","19","215","199","178","153","206","187","202"
347,"49","25","31","15","12","19","12","137","87","108","51","42","91","75"
348,"15","10","11","12","10","11","18","194","122","142","160","128","154","254"
349,"1","2","2","4","5","3","2","4","13","14","31","14","22","14"
350,"2","1","2","0","1","1","2","14","8","16","0","9","4","13"
351,"11","4","4","1","4","7","6","45","17","16","5","18","32","29"
352,"0","0","1","0","0","1","0","2","3","14","0","3","9","3"
353,"4","2","2","1","4","5","6","37","18","24","11","44","51","79"
354,"1","1","2","1","1","1","1","11","7","20","15","7","9","14"
355,"1","0","0","0","0","1","1","6","1","5","2","3","13","7"
356,"0","0","1","0","0","1","1","5","4","12","2","7","27","13"
357,"13","1","2","4","5","3","5","187","19","25","62","63","31","56"
358,"2","2","2","3","2","1","3","26","33","28","55","52","40","83"
359,"2","2","2","2","7","7","3","22","20","17","24","79","79","40"
360,"19","8","11","11","20","28","22","277","114","170","171","335","583","534"
361,"78","47","77","44","16","9","6","357","213","349","265","192","168","132"
362,"14","11","18","16","10","18","9","189","142","232","214","132","229","142"
363,"54","17","22","17","28","31","28","609","208","261","207","316","368","331"
364,"3","1","2","0","1","4","2","34","14","22","4","8","41","20"
365,"46","23","19","12","18","11","20","299","192","156","98","149","87","163"
366,"17","7","18","22","40","60","42","101","32","84","98","162","245","172"
367,"15","6","5","2","2","5","4","394","151","149","61","69","174","136"
368,"30","11","14","--","--","29","12","351","134","164","0","0","338","141"
369,"100","35","47","27","28","19","51","527","180","219","125","125","193","537"
370,"24","27","23","43","26","43","48","297","335","283","525","295","522","658"
371,"33","25","33","27","24","41","37","747","570","738","604","530","1,166","1,131"
372,"3","1","2","1","2","2","2","134","54","94","66","94","89","95"
373,"4","2","5","3","5","5","4","45","17","53","38","60","56","50"
374,"43","35","29","25","24","42","39","499","393","335","280","253","442","411"
375,"1","0","2","1","1","9","4","9","4","17","8","11","80","39"
376,"6","7","7","8","5","5","8","85","105","95","118","70","80","123"
377,"8","3","3","4","14","6","8","148","54","67","88","283","118","166"
378,"15","9","8","7","7","13","12","307","185","179","147","187","387","366"
379,"2","0","1","0","0","1","1","23","3","13","5","4","13","16"
380,"3","1","3","2","4","1","4","62","23","52","37","74","15","69"
381,"18","6","4","4","8","2","4","320","111","72","86","199","71","112"
382,"80","47","54","50","29","33","33","762","436","506","456","257","295","320"
383,"39","7","34","12","8","24","21","627","113","533","193","131","389","343"
385,"26","28","18","19","22","13","14","516","556","360","384","442","252","281"
386,"34","43","51","21","11","18","16","286","366","431","178","100","220","258"
387,"57","16","32","15","31","32","27","544","152","306","141","274","348","339"
388,"35","11","20","21","8","13","11","296","88","192","203","122","215","229"
389,"44","17","23","13","11","6","18","1,443","607","805","461","386","182","579"
390,"15","8","16","12","15","32","33","116","64","122","93","117","287","292"
391,"4","2","5","7","9","6","8","38","24","46","64","87","63","77"
392,"5","1","2","1","1","7","3","186","59","98","49","42","253","111"
393,"19","33","34","15","9","18","25","549","968","951","393","324","756","1,066"
394,"7","7","6","10","10","17","17","95","96","80","151","142","247","244"
395,"--","0","5","--","--","--","--","0","0","30","0","0","0","0"
396,"--","0","0","1","1","--","--","0","3","2","6","6","0","0"
397,"--","--","--","--","--","--","--","0","0","0","0","0","0","0"
398,"--","0","--","0","--","--","--","0","1","0","0","0","0","0"
399,"--","--","0","--","--","--","--","0","0","3","0","0","0","0"
400,"--","0","1","--","--","--","0","0","0","11","0","0","0","1"
401,"--","1","5","--","--","--","--","0","8","41","0","0","0","0"
402,"--","0","6","--","--","--","--","0","0","36","0","0","0","0"
403,"--","2","2","3","2","--","--","0","15","12","19","13","0","0"
404,"--","0","3","3","--","--","--","0","1","23","27","0","0","0"
405,"--","1","0","1","--","--","--","0","9","6","10","0","0","0"
406,"--","4","6","2","1","--","--","0","32","48","20","15","0","0"
407,"--","3","3","3","3","--","--","0","22","19","20","20","0","0"
408,"--","1","3","3","2","--","--","0","15","32","29","19","0","0"
409,"--","0","0","0","--","--","--","0","5","5","3","0","0","0"
410,"--","0","1","0","--","--","--","0","2","6","1","0","0","0"
411,"--","0","0","0","--","--","--","0","1","1","1","0","0","0"
412,"--","--","--","--","--","--","--","0","0","0","0","0","0","0"
413,"--","--","--","--","--","--","--","0","0","0","0","0","0","0"
416,"--","--","--","--","--","--","--","0","0","0","0","0","0","0"
417,"--","--","--","--","--","--","--","0","0","0","0","0","0","0"
418,"--","--","--","--","--","--","--","0","0","0","0","0","0","0"
419,"--","--","--","--","--","--","--","0","0","0","0","0","0","0"
420,"--","--","--","--","--","--","--","0","0","0","0","0","0","0"
421,"--","--","--","--","--","--","--","0","0","0","0","0","0","0"
422,"--","--","--","--","--","--","--","0","0","0","0","0","0","0"
423,"--","0","6","2","2","--","--","0","3","41","16","18","0","0"
424,"--","--","0","--","--","--","--","0","0","1","0","0","0","0"
425,"--","1","2","1","1","--","--","0","3","8","4","5","0","0"
426,"--","0","5","--","--","--","--","0","0","37","0","0","0","0"
428,"--","6","6","3","2","1","0","0","30","30","14","11","5","1"
430,"--","--","--","--","--","--","--","0","0","0","0","0","0","0"
431,"--","5","4","3","3","--","--","0","35","26","18","23","0","0"
432,"--","0","3","--","--","--","--","0","4","27","0","0","0","0"
433,"--","0","2","--","--","--","--","0","1","5","0","0","0","0"
434,"--","--","--","--","--","--","--","0","0","0","0","0","0","0"
435,"--","4","10","6","4","--","--","0","9","23","14","10","0","0"
436,"--","5","3","5","3","--","--","0","32","19","28","21","0","0"
437,"--","--","0","--","--","--","--","0","0","1","0","0","0","0"
438,"--","0","1","0","--","--","--","0","3","9","4","0","0","0"
442,"--","0","3","1","2","--","0","0","1","19","10","15","0","3"
443,"--","--","--","--","--","--","0","0","0","0","0","0","0","2"
444,"--","--","0","--","--","--","--","0","0","1","0","0","0","0"
445,"--","--","--","--","--","--","--","0","0","0","0","0","0","0"
446,"--","--","--","--","--","--","--","0","0","0","0","0","0","0"
447,"--","--","0","--","--","--","--","0","0","1","0","0","0","0"
448,"--","1","7","1","--","--","--","0","17","111","9","0","0","0"
449,"--","0","1","0","--","--","--","0","3","10","1","0","0","0"
450,"--","--","--","--","--","--","--","0","0","0","0","0","0","0"
451,"--","--","--","--","--","--","--","0","0","0","0","0","0","0"
452,"--","--","0","--","--","--","--","0","0","1","0","0","0","0"
453,"--","--","0","--","--","--","--","0","0","1","0","0","0","0"
454,"--","4","5","3","3","--","--","0","23","26","16","17","0","0"
455,"--","3","2","2","3","--","--","0","19","12","17","26","0","0"
456,"--","0","3","--","--","--","--","0","0","17","0","0","0","0"
457,"--","1","2","--","--","--","--","0","2","7","0","0","0","0"
458,"--","2","1","0","--","--","--","0","8","2","1","0","0","0"
459,"--","0","2","--","--","--","--","0","3","19","0","0","0","0"
460,"--","0","5","--","--","--","--","0","5","49","0","0","0","0"
462,"--","--","--","--","--","--","--","0","0","0","0","0","0","0"
463,"--","--","--","--","--","--","--","0","0","0","0","0","0","0"
464,"--","--","--","--","--","--","--","0","0","0","0","0","0","0"
465,"--","0","1","--","--","--","--","0","1","7","0","0","0","0"
466,"--","--","--","--","--","--","--","0","0","0","0","0","0","0"
467,"--","--","--","--","--","--","--","0","0","0","0","0","0","0"
468,"--","--","--","--","--","--","--","0","0","0","0","0","0","0"
469,"--","--","--","--","--","--","--","0","0","0","0","0","0","0"
470,"--","0","0","0","--","--","--","0","4","5","1","0","0","0"
471,"--","3","1","1","--","--","--","0","33","11","14","0","0","0"
472,"--","1","2","3","--","--","--","0","6","10","17","0","0","0"
473,"--","0","--","--","--","--","--","0","1","0","0","0","0","0"
474,"--","1","2","1","--","--","--","0","7","20","6","0","0","0"
475,"--","--","0","--","--","--","--","0","0","2","0","0","0","0"
476,"3","1","2","1","1","--","--","215","61","173","53","96","0","0"
